Company,Type,HQ,Year Founded,Flagship Product,Estimated Revenue (M USD),Market Cap (M USD),EBITDA Margin %,P/S Ratio,EV/EBITDA,Crash Market Share %,GGR Take Rate %,Key Markets,Employees,Business Model,Key Differentiator,Public/Private
,,,,,,,,,,,,,,,,
═══ CRASH GAME PROVIDERS ═══,,,,,,,,,,,,,,,,
Spribe,Crash Provider,"Georgia → Warsaw/Malta",2018,Aviator,480-528,1500-2000 (est.),60-80%,~3-4x (est.),~4-5x (est.),~90%+,9% (raised from 7%),"India, Africa, LatAm, CIS",350,B2B GGR share,"380M total players, 60M MAU, EUR 160B wagers/2025, 350K bets/min",Private
SmartSoft,Crash Provider,Georgia,2015,JetX,15-30,N/A,N/A,N/A,N/A,3-5%,8-10%,"Europe, CIS",80-120,B2B GGR share,"3D graphics, JetX brand",Private
Aviatrix,Crash Provider,Malta,2022,Aviatrix,2-5,N/A,N/A,N/A,N/A,<1%,8-12%,"Europe, LatAm",20-40,B2B GGR share + NFT,"NFT skins, customizable planes",Private
BGaming,Multi-Provider,Curaçao,2018,"Space XY, Rocket Dice",20-40,N/A,N/A,N/A,N/A,<1%,8-10%,Global,100-150,B2B GGR share,"Provably fair, crypto-native",Private
Evoplay / Turbo Games,Multi-Provider,Ukraine/EU,2017,Turbo Crash Games,30-50,N/A,N/A,N/A,N/A,<1%,8-10%,"Europe, CIS",200+,B2B GGR share,"Innovation, turbo mechanics",Private
DraftKings (in-house),Operator + Provider,USA,2012,Rocket,500+ (total operator),18000,N/A (operator),"~5x (operator)",N/A,US only,N/A,USA,5000+,Operator (B2C),"US market monopoly on crash",Public (DKNG)
,,,,,,,,,,,,,,,,
═══ MAJOR GAME PROVIDERS (Benchmarks) ═══,,,,,,,,,,,,,,,,
Evolution Gaming,Live Casino + Slots,Sweden/Malta,2006,Lightning Roulette,2300 (EUR 2.07B),13400,66.1%,~4.9x,~13x,N/A (no crash),"Varies by product",Global regulated,20000+,B2B licensing + GGR share,"Live casino monopoly, MCap declined from $22B peak",Public (EVO.ST)
Pragmatic Play,Slots + Live + Crash,Malta/Gibraltar,2015,"Sweet Bonanza, Spaceman",750 (est.),N/A (private),45-55% (est.),N/A,N/A,~2% (Spaceman),7-12%,Global,5000+,B2B GGR share,"Massive slots portfolio, Spaceman + Big Bass Crash, 50% cashout feature",Private (Veridian/IBID)
Play'n GO,Slots,Sweden,2005,Book of Dead,300-400 (est.),N/A,40-50% (est.),N/A,N/A,N/A,8-12%,"Europe, LatAm",500+,B2B licensing,"Premium slots, mobile-first",Private
NetEnt / Red Tiger,Slots,Sweden/Malta,1996 / 2014,Starburst / Gonzo,Part of L&W (~$600M gaming),4500 (Light & Wonder),30-35%,~2.5x,~12x,N/A,8-12%,Global regulated,N/A,B2B licensing,"Legacy brands, Light & Wonder ecosystem",Public (LNW)
Hacksaw Gaming,Slots / Crash,Malta,2018,"Wanted Dead or Wild, Mines",100-200 (est.),N/A,50%+ (est.),N/A,N/A,<1%,8-10%,"Europe, LatAm",100+,B2B GGR share,"Instants / crash-like games",Private
,,,,,,,,,,,,,,,,
═══ TOP OPERATORS (by est. GGR) ═══,,,,,,,,,,,,,,,,
Flutter / FanDuel,Operator,Dublin/NYC,2019 (merger),FanDuel / Betfair,16400 (+17% YoY),35000,17%,"~2.1x",~12x,N/A,N/A,"USA, UK, EU, AUS",25000+,B2C operator,"World's largest, adj. EBITDA $2.8B",Public (FLUT)
Bet365,Operator,UK,2000,Bet365,3700 (GBP),N/A (private),25-30%,N/A,N/A,N/A,N/A,"UK, Europe, Asia",7000+,B2C operator,Largest private operator,Private
Entain,Operator,UK,2004,Ladbrokes / BetMGM,5000,8000,18%,~1.6x,~9x,N/A,N/A,"UK, EU, USA (BetMGM)",30000+,B2C operator,"Multi-brand, BetMGM JV",Public (ENT.L)
DraftKings,Operator,USA,2012,DraftKings Sportsbook,6050 (+27% YoY),18000,10% (first profit),~3.0x,~29x,US crash only (Rocket=20% DK Casino),N/A,USA primarily,5000+,B2C operator,"First annual profit $3.7M, 4M MAU, Rocket ~20% casino volume",Public (DKNG)
888 / Everi,Operator,Gibraltar,1997,888casino,1800,1200,12%,~0.7x,~6x,N/A,N/A,"UK, EU",3000+,B2C operator,Legacy online brand,Public
Stake.com,Operator,Curaçao,2017,Stake Casino,4700 GGR (2025 est.),14000-23000 (est.),40%+ (est.),N/A,N/A,N/A,N/A,"Global, crypto, 127M visits/mo",1000+,B2C crypto operator,"Largest crypto casino, $10B bets/mo, est. val $14-23B",Private
1xBet,Operator,Cyprus/CIS,2007,1xBet,2000+ (est.),N/A,N/A,N/A,N/A,N/A,N/A,"CIS, Africa, Asia, LatAm",5000+,B2C operator,Aggressive global expansion,Private
Hollywoodbets,Operator,South Africa,1999,Hollywoodbets,500+ (est.),N/A,N/A,N/A,N/A,N/A,N/A,"South Africa, UK",3000+,B2C operator,"Africa leader, Aviator top game",Private
Betway,Operator,Malta/UK,2006,Betway,800+ (est.),Part of Super Group,N/A,N/A,N/A,N/A,N/A,"Africa, Europe, Americas",2000+,B2C operator,Strong Africa brand,Public (SGHC)
Kindred (Unibet),Operator,Malta,1997,Unibet,1400,3500,12%,~2.5x,~20x,N/A,N/A,"Europe, AUS",2000,B2C operator,Sustainability focus,Public (KIND.ST)
,,,,,,,,,,,,,,,,
═══ PAM PLATFORMS ═══,,,,,,,,,,,,,,,,
EveryMatrix,PAM Platform,Malta,2008,CasinoEngine + OddsMatrix,~200 (EUR 54M/Q1 +39%),N/A,30-40%,N/A,N/A,N/A,N/A,"Europe, LatAm, Africa (Veikkaus, Kindred, bet-at-home)",800+,B2B platform + aggregation,"First Spribe client, 255K bets/min peak",Private
SoftSwiss,PAM Platform,Belarus/Malta,2008,SoftSwiss Platform,N/A,N/A,N/A,N/A,N/A,N/A,N/A,"Europe, CIS, crypto (1400+ brands, 600+ casino clients)",800+,B2B platform,"40K+ games, 300+ providers, 24 jurisdictions, 99.999% uptime",Private
BetConstruct,PAM Platform,Armenia,2003,Spring Platform,80-120 (est.),N/A,30-40%,N/A,N/A,N/A,N/A,"CIS, Europe, Asia",2000+,B2B full stack,"Own games + platform",Private
GR8 Tech,PAM Platform,Ukraine/Malta,2022 (spinoff),GR8 Platform,40-60 (est.),N/A,N/A,N/A,N/A,N/A,N/A,"CIS, Europe",500+,B2B platform,Parimatch Tech spinoff,Private
Digitain,PAM Platform,Armenia,2003,Digitain Sportsbook,30-50 (est.),N/A,30%+,N/A,N/A,N/A,N/A,"Europe, Asia, Africa",800+,B2B sportsbook + platform,Sportsbook specialist,Private
